UAI,NOM_LONG,NOM_COURT,INSEE_COMMUNE,CONTRAT,TEL,FAX,MAIL,CHEF,ADJOINT,GESTIONNAIRE,N_ZAP,N_SECTEUR,RRS,SEGPA,UPI,SECTION_INTERNATIONAL,SECTION_EURO,TECHNO,ENS_SPE,DATEOUVERTURE,DATEFERMETURE,EFFECTIF_ANNEE_2007,EFFECTIF_ANNEE_2008,EFFECTIF_ANNEE_2009,EFFECTIF_ANNEE_2010,EFFECTIF_ANNEE_2011,EFFECTIF_ANNEE_2012,LONGITUDE,LATITUDE
0330083L,Collège Jules Ferry,Jules Ferry,33227,PUBLIC,0557980240,0557980242,ce.0330083L@ac-bordeaux.fr,MONSIEUR VILLARD ANDRE,MADAME LEROUX MARTINE,MONSIEUR BUCHARD CYRIL,06,0330603,,0,,,,,,01/05/1965,,440,474,507,494,476,490,-0.25222874,44.54898
0332490C,Collège St Genes,St Genes,33063,PRIVE,0556338484,0556338485,ce.0332490C@ac-bordeaux.fr,MONSIEUR MARC SEGARRA,,,01,0330106,,0,,,,,,01/09/1980,,1090,1087,1151,1171,1203,1182,,
0332491D,Collège Albert Le Grand,Albert Le Grand,33063,PRIVE,0556963862,0556967165,ce.0332491D@ac-bordeaux.fr,MONSIEUR BERTRAND GAUFRYAU,,,01,0330106,,0,,,,,,01/09/1980,,190,168,171,187,161,151,,
0332492E,Collège Ste Marie Bastide,Ste Marie Bastide,33063,PRIVE,0557801200,0557801202,ce.0332492E@ac-bordeaux.fr,MONSIEUR JEAN-JACQUESGIRET,,,03,0330304,,0,,,,,,01/10/1980,,588,619,646,671,714,716,,
0331507J,Collège St Joseph,St Joseph,33243,PRIVE,0557553890,0557253643,ce.0331507J@ac-bordeaux.fr,MONSIEUR JEAN-PIERRE DUCOURNAU,,,04,0330406,,0,,,,,,15/03/1967,,618,616,622,648,673,675,,
0332704K,Collège Panchon,Panchon,33012,PUBLIC,0556588530,0557885370,ce.0332704K@ac-bordeaux.fr,MONSIEUR DEL MEDICO PHILIPPE,MADAME GATINEAUD ANNE CATHERINE,MADAME VILLENEUVE CHANTAL,08,0330801,,0,,,,,,01/09/1985,,561,528,544,555,594,611,-0.69438297,44.989807
0332706M,Collège Léo Drouyn,Léo Drouyn,33542,PUBLIC,0557844352,0557843693,ce.0332706M@ac-bordeaux.fr,MONSIEUR JOYET FRANÇOIS,MADAME LARTIGUE NELLY,MADAME RIBETTE CORINNE,04,0330413,,0,,,,,,01/09/1985,,433,446,442,490,562,624,-0.33880162,44.991528
0332723F,Collège Emile Durkheim,Emile Durkheim,33321,PUBLIC,0557940260,0557680395,ce.0332723F@ac-bordeaux.fr,MADAME FERRANDIERE CATHERINE,MONSIEUR DRUELLE ARNAUD,MADAME DESTREM HELENE,10,0331003,,0,,,,,,01/09/1986,,325,356,379,410,476,523,-0.4214589,45.04325
0332746F,Collège Emile Combes,Emile Combes,33063,PUBLIC,0556249495,0556901880,ce.0332746F@ac-bordeaux.fr,MONSIEUR CONGY JEAN-YVES,,MADAME DEL CORTE CHRISTELLE,01,0330108,,0,,,,,,01/09/1987,,391,394,384,396,378,394,-0.6094056,44.834763
0332934K,Collège du Pian Sur Garonne,Le Pian Sur Garonne,33323,PUBLIC,0557981150,0556768433,ce.0332934K@ac-bordeaux.fr,MONSIEUR CHICHE STEPHANE,,MONSIEUR PROVOST YANN,06,0330611,,0,,,,,,01/09/1996,,315,330,388,428,456,471,-0.22810443,44.569874
0332982M,Collège Val Des Pins,Val Des Pins,33527,PUBLIC,0557523333,0557523330,ce.0332982M@ac-bordeaux.fr,MONSIEUR CHAMOULAUD THIERRY,MADAME BENAMZA STEPHANIE,MADAME SAINT-RAMON ANNY,09,0330910,,0,,,,,,01/09/1998,,561,585,592,643,657,645,-1.0284985,44.62374
0333108Z,Collège Jean Moulin,Jean Moulin,33069,PUBLIC,0556089028,0556029369,ce.0333108Z@ac-bordeaux.fr,MONSIEUR CAURET DIDIER,,MONSIEUR ANDRE SERGE,02,0330215,,0,,,,,,01/09/2004,,368,385,396,372,346,357,-0.60558516,44.863354
0333121N,Collège Gaston Flament,Gaston Flament,33555,PUBLIC,0557715670,0557715671,ce.0333121N@ac-bordeaux.fr,MADAME THILLAY SUZANNE,MONSIEUR LAFORGUE OLIVIER,MADAME SIMON LABRIC GISELE,09,0330911,,0,,,,,,01/09/2005,,503,519,560,586,645,661,-0.8471712,44.697594
0333132A,Collège de Carbon-Blanc,Carbon-Blanc,33096,PUBLIC,0557771025,0556066145,ce.0333132A@ac-bordeaux.fr,MONSIEUR MARTIN FRANCK,,MELLE SAINT MARC ESTELLE,03,0330315,,0,,,,,,01/09/2006,,482,523,558,570,538,559,-0.5001279,44.910755
0333133B,Collège de Cadaujac,Cadaujac,33080,PUBLIC,0557832455,0557832456,ce.0333133B@ac-bordeaux.fr,MONSIEUR BONNET NICOLAS,MADAME CHASSEUR CATHERINE,MONSIEUR AUCHTER OLIVIER,05,0330511,,0,,,,,,01/09/2006,,459,509,521,592,614,624,-0.5281189,44.750816
0333213N,Collège Marguerite Duras,Marguerite Duras,33243,PUBLIC,0557840606,0557249368,ce.0333213N@ac-bordeaux.fr,MONSIEUR GORSE VINCENT,MADAME FLOREAN SANDRINE,MONSIEUR DIHAL JOËL,04,0330414,,1,,,,,,01/09/2009,,,,599,607,599,573,-0.23645148,44.90468
0333268Y,Collège Notre Dame Du Rosaire,Notre Dame Du Rosaire,33435,PRIVE,0556634537,0556632905,,,,,06,0330604,,0,,,,,,01/09/2010,,,,,,,,,
0331532L,Collège Jeanne d'Arc,Jeanne d'Arc,33447,PRIVE,0557560088,0557560089,ce.0331532L@ac-bordeaux.fr,MONSIEUR EDOUARD MOTYL,,,04,0330404,,0,,,,,,05/04/1967,,322,321,335,326,335,328,,
0331618E,Collège Léonard Lenoir,Léonard Lenoir,33063,PUBLIC,0557807616,0557802229,ce.0331618E@ac-bordeaux.fr,MADAME CAILLOT SYLVIE,,MONSIEUR GRATRAUD JEAN PIERRE,03,0330303,RRS,0,,,,,,02/04/1968,,289,295,299,292,292,290,-0.5532821,44.84165
0331619F,Collège Georges Lapierre,Georges Lapierre,33249,PUBLIC,0557801025,0556317176,ce.0331619F@ac-bordeaux.fr,MONSIEUR CIRET GUILLAUME,MADAME ULYSSE FRANÇOISE,MADEMOISELLE FEUILLAS ASTRID,03,0330311,RAR,1,,,,,,02/04/1968,,489,529,503,489,452,471,-0.52306294,44.87459
0330140Y,Collège Grand Parc,Grand Parc,33063,PUBLIC,0556111960,0556111965,ce.0330140Y@ac-bordeaux.fr,MONSIEUR THOMAS ERIC CLAUDE,Madame FLOC'H M.Lucile,MELLE HAEGEL FRANÇOISE,02,0330204,,1,,,,,,01/05/1965,,430,400,413,429,417,423,-0.5820867,44.856155
0332806W,Collège Le Mirail,Le Mirail,33063,PRIVE,0557950680,0557950684,ce.0332806W@ac-bordeaux.fr,MONSIEUR COUCHARRIERE,,,01,0330107,,0,,,,,,01/10/1990,,172,167,214,251,264,310,,
0331891B,Collège Les Lesques,Les Lesques,33240,PUBLIC,0556411398,0556416643,ce.0331891B@ac-bordeaux.fr,MADAME BOIRIE DOMINIQUE,Madame FARGEOT Charlotte,MONSIEUR GUYONNAUD Jean Philippe,08,0330804,RRS,0,,,,,,04/02/1971,,536,541,581,617,639,657,-0.9267202,45.3002
0330084M,Collège Toulouse Lautrec,Toulouse Lautrec,33227,PUBLIC,0556622250,0557981918,ce.0330084M@ac-bordeaux.fr,MADAME STEPHANUS MICHELE,MADAME MAUCOURANT-DALLOZ EVELYNE,MADAME BOUGARIT CATHERINE,06,0330604,,1,,,,,,01/05/1965,,692,694,702,723,746,760,-0.25208792,44.545105
0330091V,Collège Les Dagueys,Les Dagueys,33243,PUBLIC,0557511187,0557552131,ce.0330091V@ac-bordeaux.fr,MADAME LALAUDE-LABAYLE MARIE-FRANÇOISE,MADAME CLEMENT CHANTAL,MADAME CABOURDIN DUBOSCQ MARIE-CHRISTINE,04,0330408,,1,,,,,,01/05/1965,,563,576,631,655,653,676,-0.2431213,44.949375
0330093X,Collège de Lussac,Lussac,33261,PUBLIC,0557746032,0557745824,ce.0330093X@ac-bordeaux.fr,MONSIEUR HERCE OLIVIER,,MADAME GUILLOTEAU NICOLE,04,0330410,RRS,0,,,,,,01/05/1965,,302,298,320,326,320,329,-0.09927583,44.949234
0330100E,Collège Eleonore De Provence,Eleonore De Provence,33289,PUBLIC,0556615640,0556616421,ce.0330100E@ac-bordeaux.fr,MONSIEUR DAUDET JEAN-PIERRE,,MADAME BOGET NATHALIE,06,0330605,,0,,,,,,01/05/1965,,214,236,255,272,293,294,0.06904372,44.64875
0330103H,Collège Pierre De Belleyme,Pierre De Belleyme,33314,PUBLIC,0556732600,0556592672,ce.0330103H@ac-bordeaux.fr,MADAME RONNE VERONIQUE,MONSIEUR CASTAIGNON SAMUEL,MONSIEUR LUBEIGT BENOIT,08,0330805,RRS,1,,,,,,01/05/1965,,713,709,734,744,793,798,-0.75141025,45.20332
0330105K,Collège Champ d'Eymet,Champ d'Eymet,33316,PUBLIC,0556613045,0556614154,ce.0330105K@ac-bordeaux.fr,MADAME BAGGIO-THOMAS CAROLE,,MADAME CELESTE PATRICIA,06,0330606,,0,,,,,,01/05/1965,,145,154,157,152,157,158,0.07338794,44.742992
0330106L,Collège Francois Mitterrand,Francois Mitterrand,33318,PUBLIC,0556451579,0556453644,ce.0330106L@ac-bordeaux.fr,MADAME JAFFRE FRANÇOISE,,MADAME LALANNE BENAC JOCELYNE,07,0330708,,0,,,,,,01/05/1965,,417,404,403,422,407,392,-0.64585596,44.791985
0330108N,Collège Georges Brassens,Georges Brassens,33327,PUBLIC,0556271761,0556274750,ce.0330108N@ac-bordeaux.fr,MONSIEUR COURTIN PHILIPPE,MADAME BRUNEL NATHALIE,MADAME GOYARD CATHERINE,06,0330607,,1,,,,,,01/05/1965,,577,553,569,616,658,696,-0.35206866,44.649727
0330113U,Collège Jean Monnet,Jean Monnet,33389,PUBLIC,0557326039,0557328069,ce.0330113U@ac-bordeaux.fr,MONSIEUR GUIBON LOÏC,MONSIEUR BATISTA HUMBERTO,MADAME COUTURIER JACQUELINE,10,0331005,,0,,,,,,01/05/1965,,482,503,490,521,528,562,-0.61241394,45.29336
0330125G,Collège Georges Mandel,Georges Mandel,33514,PUBLIC,0556098324,0556098183,ce.0330125G@ac-bordeaux.fr,MADAME DEGUILLAUME FABIENNE,,MONSIEUR BAYLE LAURENT,08,0330806,,0,,,,,,01/05/1965,,325,308,286,295,311,338,-1.1222091,45.505756
0330129L,Collège Henri Dheurle,Henri Dheurle,33529,PUBLIC,0557525520,0556668957,ce.0330129L@ac-bordeaux.fr,MONSIEUR BARRAT PHILIPPE,MADAME CLAVERIE MURIEL,MADAME SABATIER MARIA,09,0330908,,0,,,,,,01/05/1965,,832,861,843,778,759,765,-1.1370032,44.632088
0330138W,Collège Jean Aviotte,Jean Aviotte,33198,PUBLIC,0557691265,0557692160,ce.0330138W@ac-bordeaux.fr,MADAME LANDES REGINE,MONSIEUR BRISSEAU JEROME,MONSIEUR DESCHAMPS SYLVAIN,04,0330405,RRS,0,,,,,,01/05/1965,,379,368,378,419,440,464,-0.18563807,45.041653
0330146E,Collège Jules Ferry,Jules Ferry,33281,PUBLIC,0556470167,0556188340,ce.0330146E@ac-bordeaux.fr,MADAME LEMONNIER ANNE-FREDERIQUE,Madame CHADEFFAUD-HERZIG Claire,MADAME LEON ODILE,07,0330704,,0,,,,,,08/12/1965,,412,391,367,471,434,459,-0.6500492,44.842815
0330162X,Collège Eugene Atget,Eugene Atget,33243,PUBLIC,0557251331,0557256728,ce.0330162X@ac-bordeaux.fr,MONSIEUR GOURSOLLE PIERRE,,MELLE GIRAUD MONIQUE,04,0330406,,0,,,,,,14/03/1977,,402,412,437,443,451,456,-0.24223901,44.917683
0330167C,Collège Marie Bartette,Marie Bartette,33009,PUBLIC,0556223580,0556223586,ce.0330167C@ac-bordeaux.fr,MADAME GUERRA-DEVIGNE PATRICIA,MADAME SORIA VERONIQUE,MADAME MALFATTI MARIE-JOSE,09,0330902,,0,,,,,,14/03/1977,,476,451,459,463,471,486,-1.1614008,44.650925
0331511N,Collège Jeanne d'Arc St Romain,Jeanne d'Arc St Romain,33058,PRIVE,0557420008,0557429263,ce.0331511N@ac-bordeaux.fr,MADAME CATHERINE PADOVANI,,,10,0331001,,0,,,,,,05/04/1967,,186,165,151,167,207,216,,
0331519X,Collège St Seurin,St Seurin,33063,PRIVE,0556242788,0556240121,ce.0331519X@ac-bordeaux.fr,MADAME SOPHIE LAFAYE,,,02,0330203,,0,,,,,,16/03/1967,,180,179,198,202,218,227,,
0331523B,Collège Ste Anne,Ste Anne,33069,PRIVE,0556087922,0556085297,ce.0331523B@ac-bordeaux.fr,MADAME ROZENN LE MENN,,,02,0330208,,0,,,,,,05/04/1967,,392,399,411,412,436,450,,
0331527F,Collège Ste Marie Jeanne d'Arc,Ste Marie Jeanne d'Arc,33227,PRIVE,0556631439,0556633112,stm33@free.fr,MADAME ANNE-MARIE CORDIN,,,06,0330604,,0,,,,,,05/04/1967,,200,177,171,175,165,167,,
0331529H,Collège Ste J.d'Arc Assomption,Ste J.d'Arc Assomption,33318,PRIVE,0556450450,0556455191,ce.0331529H@ac-bordeaux.fr,MONSIEUR SYLVAIN RICHARD,,,07,0330709,,0,,,,,,05/04/1967,,452,456,466,509,526,550,,
0331530J,Collège Ste Marie,Ste Marie,33366,PRIVE,0557430652,0557434518,ce.0331530J@ac-bordeaux.fr,MONSIEUR YVES GIRARD,,,10,0331004,,0,,,,,,05/04/1967,,532,543,577,572,587,611,,
0331419N,Collège Georges Rayet,Georges Rayet,33167,PUBLIC,0556401015,0557802230,ce.0331419N@ac-bordeaux.fr,MONSIEUR ROMAIN PHILIPPE,MONSIEUR SCHAAL JEROME,Madame HAMM-SMAER Nathalie,03,0330309,,0,,,,,,11/05/1977,,457,506,560,606,600,610,-0.5146897,44.842236
0331435F,Collège Les Eyquems,Les Eyquems,33281,PUBLIC,0556470604,0556976532,ce.0331435F@ac-bordeaux.fr,MADAME OILLEAUX PELLERIN FRANÇOISE,MADAME GOUINEAU DELPHINE,MONSIEUR LARTIRIGOYEN ALAIN,07,0330703,,0,,,,,,10/10/1966,,433,451,445,555,580,573,-0.6454013,44.827316
0331462K,Collège Francisco Goya,Francisco Goya,33063,PUBLIC,0557950730,0557950749,ce.0331462K@ac-bordeaux.fr,MONSIEUR YVART XAVIER,,MADAME BARRA MARTINE,01,0330107,RRS,0,,,,,,07/11/1967,,243,241,262,291,289,292,-0.5769029,44.8344
0331464M,Collège Jean Zay,Jean Zay,33119,PUBLIC,0557809292,0557809299,ce.0331464M@ac-bordeaux.fr,MADAME BOIREAU-CANNET CHRISTINE,MONSIEUR RAISON JEAN PIERRE,MADAME REVOLAT PASCALE,03,0330306,RRS,0,,,,,,07/11/1967,,608,576,576,577,587,629,-0.5128824,44.85517
0331492T,Collège Ste Clotilde   Assomption,Ste Clotilde   Assomption,33063,PRIVE,0556482906,0556791876,ce.0331492T@ac-bordeaux.fr,Monsieur Anthony ODIN,,,02,0330203,,0,,,,,,15/03/1967,,408,389,396,424,462,475,,
0331621H,Collège Henri De Navarre,Henri De Navarre,33138,PUBLIC,0557560040,0557560042,ce.0331621H@ac-bordeaux.fr,MONSIEUR CHAMPIGNEUL J.YVES,MADAME LABBE MONIQUE,MONSIEUR IRR JEAN FRANCOIS,04,0330404,,1,,,,,,02/04/1968,,784,796,806,840,837,803,-0.11791464,45.041336
0331623K,Collège Alouette,Alouette,33318,PUBLIC,0557891112,0557891113,ce.0331623K@ac-bordeaux.fr,MONSIEUR CAMPOS GERARD,MADEMOISELLE MOUY LAURENCE,MADAME GARDES AMANTE MADELEINE,07,0330707,,0,,,,,,03/04/1968,,689,690,680,612,625,638,-0.6688621,44.801647
0331644H,Collège St Jean,St Jean,33314,PRIVE,0557752021,0556596293,ce.0331644H@ac-bordeaux.fr,MONSIEUR XAVIER LIDOUREN,,,08,0330805,,0,,,,,,18/11/1968,,241,253,230,231,217,240,,
0331663D,Collège Cheverus,Cheverus,33063,PUBLIC,0556485700,0556487218,ce.0331663D@ac-bordeaux.fr,MADAME NAUGE CATHERINE,MONSIEUR KITTEN HUGUES,MADAME JACTEL LAURENCE,01,0330104,,1,,,,,,03/03/1969,,680,677,642,523,443,400,-0.5754772,44.839325
0331666G,Collège Alienor d'Aquitaine,Alienor d'Aquitaine,33498,PUBLIC,0556884227,0556881410,ce.0331666G@ac-bordeaux.fr,MADAME BRINBOEUF-DULARY LAURENCE,MONSIEUR PERUCH LAURENT,MADAME CHATAIGNIER MONIQUE,09,0330909,RRS,0,,,,,,03/03/1969,,645,685,704,779,815,819,-0.8663773,44.55079
0331667H,Collège Robert Barriere,Robert Barriere,33506,PUBLIC,0556715151,0556715340,ce.0331667H@ac-bordeaux.fr,MONSIEUR SURGET JEAN LUC,MONSIEUR BRUANT,MADAME ROUFFIGNAT MICHELLE,06,0330610,,1,,,,,,03/03/1969,,365,388,403,398,382,388,-0.08531073,44.695896
0331752A,Collège Marcellin Berthelot,Marcellin Berthelot,33039,PUBLIC,0557350850,0557350854,ce.0331752A@ac-bordeaux.fr,MONSIEUR MARTINEZ JEAN-MICHEL,MADAME GODARD NADINE,MADAME JAFFRES MORGANE,01,0330101,RRS,0,,,,,,18/02/1970,,537,566,589,592,583,602,-0.5672612,44.807808
0331753B,Collège Blanqui,Blanqui,33063,PUBLIC,0556508228,0557191490,ce.0331753B@ac-bordeaux.fr,MADAME ROBIN MARIE PIERRE,,MELLE  LASFARGUES ISABELLE,02,0330202,RRS,0,,,,,,18/02/1970,,220,230,239,225,245,233,-0.55136245,44.87451
0331754C,Collège Emmanuel Dupaty,Emmanuel Dupaty,33056,PUBLIC,0556955222,0556955239,ce.0331754C@ac-bordeaux.fr,MADAME CAPOT MICHELE,MONSIEUR BOUZIGNAC LAURENT,MADAME MIQUAU  VALERIE,02,0330201,,1,,,,,,18/02/1970,,810,798,756,752,765,784,-0.62703514,44.907207
0331757F,Collège La Garosse,La Garosse,33366,PUBLIC,0557431236,0557948323,ce.0331757F@ac-bordeaux.fr,MONSIEUR PRUNEL ALAIN,MADAME HEINTZ CHRISTINE,MADAME TIFFON NATHALIE,10,0331004,,1,,,,,,18/02/1970,,653,672,694,711,776,796,-0.43237343,45.005898
0331758G,Collège Noes,Noes,33318,PUBLIC,0556152540,0556455054,ce.0331758G@ac-bordeaux.fr,MONSIEUR GIOUD JEAN-FRANÇOIS,MADAME CHAUCHET-SAMUEL ARMELLE,MONSIEUR PORTA BONETE JEAN PAUL,07,0330709,,0,,,,,,18/02/1970,,614,626,576,566,579,594,-0.63638604,44.81215
0331759H,Collège Chante Cigale,Chante Cigale,33199,PUBLIC,0556660572,0556667882,ce.0331759H@ac-bordeaux.fr,MADAME CAUTY MARTINE,MADAME DOR ELISABETH,MADAME BECHOU BRIGITTE,09,0330906,,1,,,,,,18/02/1970,,813,802,805,805,826,876,-1.0595875,44.621956
0332493F,Collège Ste Marie Grand Lebrun,Ste Marie Grand Lebrun,33063,PRIVE,0556083213,0556022225,ce.0332493F@ac-bordeaux.fr,MADAME CATHERINE DEREMBLE,,,02,0330207,,0,,,,,,01/09/1980,,1045,1031,1006,1035,1055,1045,,
0332494G,Collège Rambaud,Rambaud,33213,PRIVE,0557971717,0557971710,ce.0332494G@ac-bordeaux.fr,MONSIEUR PIERRE FALIZE,,,05,0330504,,0,,,,,,01/09/1980,,396,398,396,433,446,444,,
0332657J,Collège de Lège Cap-Ferret,Lège Cap-Ferret,33236,PUBLIC,0556039903,0556039904,ce.0332657J@ac-bordeaux.fr,MONSIEUR BOIREAU LAURENT,MADAME CARRUESCO CATHERINE,MONSIEUR TOUYA MICHEL,09,0330907,,0,,,,,,01/09/1984,,475,474,474,547,572,563,-1.145146,44.792484
0331880P,Collège Pablo Neruda,Pablo Neruda,33039,PUBLIC,0556859604,0556852688,ce.0331880P@ac-bordeaux.fr,MADAME FORT MARYSE,MONSIEUR RICHARD ARNAUD,MONSIEUR NIEL FRANCK,01,0330102,RRS,1,,,,,,04/02/1971,,418,438,426,401,416,397,-0.5630497,44.794617
0331884U,Collège Manon Cormier,Manon Cormier,33032,PUBLIC,0556061033,0556069898,ce.0331884U@ac-bordeaux.fr,MADAME BEN HATTATE DJEMAIA,MONSIEUR RAVACHE STEPHANE,MADAME DEROUAISNE ODILE,03,0330302,,1,,,,,,04/02/1971,,502,515,486,524,519,518,-0.5083992,44.900074
0331885V,Collège Jean Jaures,Jean Jaures,33119,PUBLIC,0556863420,0556409336,ce.0331885V@ac-bordeaux.fr,MONSIEUR FELBER PHILIPPE,MONSIEUR SALAS ABDELOUAHED,MADAME MACALLI EMILIE,03,0330305,RRS,1,,,,,,04/02/1971,,590,557,527,525,548,551,-0.5147182,44.863125
0331890A,Collège André Lahaye,André Lahaye,33005,PUBLIC,0556820723,0556260695,ce.0331890A@ac-bordeaux.fr,MONSIEUR MILAN PASCAL,MONSIEUR LABROUCHE PIERRE,MADAME BARTHEL FRANCINE,09,0330901,,1,,,,,,04/02/1971,,796,815,841,848,848,866,-1.0881894,44.746265
0332082J,Collège Edouard Vaillant,Edouard Vaillant,33063,PUBLIC,0556396276,0556396320,ce.0332082J@ac-bordeaux.fr,MONSIEUR CANOT ALAIN,MONSIEUR MARMIESSE YANNICK,MADAME LAURENT CHRISTINE,02,0330205,RRS,0,,,,,,23/02/1972,,505,488,492,471,471,379,-0.5651724,44.86452
0332084L,Collège Albert Camus,Albert Camus,33162,PUBLIC,0556280669,0556286270,ce.0332084L@ac-bordeaux.fr,MADAME PEREZ CHANTAL,MONSIEUR ALAVOINE PHILIPPE,MADAME DERUY MARTINE,02,0330209,,0,,,,,,23/02/1972,,581,544,526,549,550,561,-0.64342284,44.88439
0332090T,Collège Bourran,Bourran,33281,PUBLIC,0556978293,0556120871,ce.0332090T@ac-bordeaux.fr,MADAME BATTLES MARYSE,MONSIEUR MOY GERARD,MONSIEUR FAYE HERVE,07,0330705,,1,,,,,,24/02/1972,,465,469,446,548,491,497,-0.6312102,44.838276
0332189A,Collège Nelson Mandela,Nelson Mandela,33167,PUBLIC,0556866044,0557544158,ce.0332189A@ac-bordeaux.fr,MONSIEUR  MEGARD PASCAL,,MONSIEUR KAYED  IZZAT,03,0330308,RRS,0,,,,,,03/04/1973,,259,219,198,203,207,253,-0.5329277,44.84141
0332190B,Collège Alfred Mauguin,Alfred Mauguin,33192,PUBLIC,0556890719,0556895814,ce.0332190B@ac-bordeaux.fr,MONSIEUR DERAMBURE PHILIPPE,MADAME BAUDERON NOËLLE,Madame LEGRAND SYLVIE,05,0330502,,1,,,,,,02/04/1973,,471,453,454,426,436,447,-0.5957913,44.772255
0332195G,Collège Victor Louis,Victor Louis,33522,PUBLIC,0557350060,0557350061,ce.0332195G@ac-bordeaux.fr,MONSIEUR SEYT PHILIPPE,MADAME TRUCHON VIDAL VALERIE,MONSIEUR STAES MIGUEL,05,0330508,,0,,,,,,14/05/1973,,610,596,643,667,645,666,-0.590594,44.80092
0332244K,Collège Francois Mauriac,Francois Mauriac,33238,PUBLIC,0556647203,0556648280,ce.0332244K@ac-bordeaux.fr,MONSIEUR DERAMBURE CHRISTOPHE,MONSIEUR GOULPIER THIERRY,MONSIEUR BASTIEN PATRICK,05,0330505,,0,,,,,,02/05/1974,,595,571,570,576,599,627,-0.5913995,44.729866
0332248P,Collège Paul Esquinance,Paul Esquinance,33352,PUBLIC,0556611140,0516440466,ce.0332248P@ac-bordeaux.fr,MONSIEUR SCIAU FABRICE,MADAME LABAT-MARRE CORALIE,MADAME DELETANG SYLVIANE,06,0330608,,0,,,,,,02/05/1974,,573,614,615,651,661,691,-0.03167319,44.58433
0332285E,Collège Jacques Ellul,Jacques Ellul,33063,PUBLIC,0556866411,0557800015,ce.0332285E@ac-bordeaux.fr,MONSIEUR MERCIER PASCAL,,MADAME BIAUX VIOLENE,03,0330304,RRS,1,,,,,,14/09/1976,,229,224,221,258,272,289,-0.5416347,44.845406
0332288H,Collège Ausone,Ausone,33036,PUBLIC,0556250024,0556252508,ce.0332288H@ac-bordeaux.fr,MONSIEUR CAPDEVILLE BERNARD,Monsieur PEROUMAL Fred,MADAME WALTER CATHERINE,06,0330601,,1,,,,,,09/04/1975,,730,730,707,706,715,762,-0.21971343,44.427868
0332340P,Collège Max Linder,Max Linder,33433,PUBLIC,0556204040,0556204267,ce.0332340P@ac-bordeaux.fr,MADAME MARTIN CATHERINE,MONSIEUR COUPEAU ALAIN,MADAME ORSAT CHANTAL,03,0330313,,0,,,,,,13/02/1976,,959,955,946,935,971,1020,-0.42771268,44.91041
0332342S,Collège Cantelande,Cantelande,33122,PUBLIC,0556076169,0556363578,ce.0332342S@ac-bordeaux.fr,MONSIEUR LAFERRIERE JACQUES,MONSIEUR CONSTANTIN CHRISTIAN,MONSIEUR HIVET LAURENT,05,0330501,,0,,,,,,13/02/1976,,886,884,839,848,840,869,-0.68774766,44.75906
0332343T,Collège Montesquieu,Montesquieu,33213,PUBLIC,0556202114,0557977941,ce.0332343T@ac-bordeaux.fr,MONSIEUR BIDOT BENOIT,MADAME ABALEA JOELLE,MONSIEUR VAYNE ERIC,05,0330504,,0,,,,,,13/02/1976,,685,731,771,733,731,744,-0.5295599,44.684
0332437V,Collège Emile Zola,Emile Zola,33200,PUBLIC,0556280829,0556284923,ce.0332437V@ac-bordeaux.fr,MADAME BERNON PATRICIA,Monsieur STEFANI Christophe,MONSIEUR LAUNAY THIERRY,02,0330210,,0,,,,,,01/09/1978,,537,550,558,567,596,576,-0.6730115,44.87123
0332486Y,Collège Ste Claire,Ste Claire,33167,PRIVE,0556862282,0556408695,ce.0332486Y@ac-bordeaux.fr,MADAME ELIANE CURNIER,,,03,0330308,,0,,,,,,01/09/1980,,429,432,444,451,462,482,,
0332488A,Collège St Joseph De Tivoli,St Joseph De Tivoli,33063,PRIVE,0556080440,0556020550,ce.0332488A@ac-bordeaux.fr,MONSIEUR DOMINIQUE GERARD,,,02,0330207,,0,,,,,,01/09/1980,,979,981,967,974,1003,991,,
0332489B,Collège Notre Dame,Notre Dame,33063,PRIVE,0556006900,0556480949,ce.0332489B@ac-bordeaux.fr,MONSIEUR BRUNO GRUYER,,,02,0330203,,0,,,,,,01/09/1980,,289,275,215,246,268,234,,
0330122D,Collège Francois Mauriac,Francois Mauriac,33484,PUBLIC,0556257164,0556257825,ce.0330122D@ac-bordeaux.fr,MONSIEUR GUNSETT BERNARD,,MADAME ROUFFAUD NICOLE,06,0330609,RRS,0,,,,,,01/05/1965,,341,347,387,417,454,475,-0.49247333,44.43092
0330128K,Collège Henri Brisson,Henri Brisson,33522,PUBLIC,0556041280,0557969801,ce.0330128K@ac-bordeaux.fr,MONSIEUR MANIGAND ALAIN,,MADAME FAYARD ALEXANDRA,05,0330507,,0,,,,,,01/05/1965,,413,410,427,447,493,518,-0.5914263,44.818985
0330132P,Collège Pont De La Maye,Pont De La Maye,33550,PUBLIC,0556871403,0556877930,ce.0330132P@ac-bordeaux.fr,MONSIEUR KRAFFT PATRICK,MONSIEUR MINIER RONAN,MONSIEUR BESSEMOULIN LUC,05,0330510,,0,,,,,,01/05/1965,,530,514,531,536,542,558,-0.5682435,44.779987
0330145D,Collège Capeyron,Capeyron,33281,PUBLIC,0556470106,0556973356,ce.0330145D@ac-bordeaux.fr,MADAME BERJOT MARTINE,MADEMOISELLE VANDERBERGUE NADEGE,MADAME TESSIER CHRISTELLE,07,0330702,,0,,,,,,08/12/1965,,413,420,427,449,451,421,-0.6475932,44.849895
0330163Y,Collège Elie Faure,Elie Faure,33402,PUBLIC,0553744660,0553583185,ce.0330163Y@ac-bordeaux.fr,MADAME DAURIAC CHANTAL,MADAME DUBOIS CATHERINE,MADAME MANOU MURIEL,04,0330412,,1,,,,,,14/03/1977,,621,646,628,618,581,545,0.20273858,44.8428
0331513R,Collège St Louis Ste Therese,St Louis Ste Therese,33063,PRIVE,0557876451,0557877169,accueil@sthelo.com,MONSIEUR EMMANUEL VILBOIS ,,,02,0330204,,0,,,,,,17/03/1967,,173,163,175,223,241,246,,
0331524C,Collège Jean J.Lataste,Jean J.Lataste,33081,PRIVE,0556626775,0556626868,ce.0331524C@ac-bordeaux.fr,MONSIEUR JEAN MARIE LUCCHESI,,,06,0330602,,0,,,,,,05/04/1967,,148,160,138,133,126,150,,
0331528G,Collège Notre Dame,Notre Dame,33240,PRIVE,0556733205,0556733207,ce.0331528G@ac-bordeaux.fr,MADAME VALÉRIE MONTALBANO,,,08,0330804,,0,,,,,,05/04/1967,,213,212,215,170,161,172,,
0331531K,Collège Anglade Langalerie,Anglade Langalerie,33402,PRIVE,0557460312,0557462162,ce.0331531K@ac-bordeaux.fr,MADAME EVA MAILLE,,,04,0330412,,0,,,,,,05/04/1967,,197,187,181,149,174,174,,
0331433D,Collège Pierre Martin,Pierre Martin,33350,PUBLIC,0557847350,0557847359,ce.0331433D@ac-bordeaux.fr,MADAME MOUTON BARRERE FRANÇOISE,,MADAME BERARD MARIELLE,04,0330411,,0,,,,,,03/10/1966,,321,338,358,349,359,375,-0.12333931,44.777634
0331461J,Collège Cassignol,Cassignol,33063,PUBLIC,0556818025,0556813328,ce.0331461J@ac-bordeaux.fr,MONSIEUR ARDELLIER JEAN-FRANÇOIS,MONSIEUR BROCHON STEPHANE,MADAME HUG NADIA,02,0330203,,0,,,,,,07/11/1967,,772,811,834,838,834,833,-0.58549064,44.85204
0331490R,Collège Lestonnac,Lestonnac,33099,PRIVE,0556219470,0556683217,ce.0331490R@ac-bordeaux.fr,MONSIEUR FRANÇOIS BEGARDS,,,03,0330310,,0,,,,,,15/03/1967,,253,232,250,278,315,364,,
0331500B,Collège Notre Dame Sevigne,Notre Dame Sevigne,33522,PRIVE,0556805551,0556809330,ce.0331500B@ac-bordeaux.fr,MONSIEUR LIONEL FRAIZE,,,05,0330507,,0,,,,,,15/03/1967,,421,413,403,444,448,435,,
0330008E,Collège Jean Verdier,Jean Verdier,33019,PUBLIC,0557762828,0557762829,ce.0330008E@ac-bordeaux.fr,MADAME PINCHEDEZ CHRISTIANE,MADEMOISELLE MAQUIN FLORENCE,MADAME MAHIEU FRANÇOISE,09,0330904,,0,,,,,,01/05/1965,,521,517,514,519,539,560,-1.0056976,44.686153
0330059K,Collège Anatole France,Anatole France,33081,PUBLIC,0556629842,0556626981,ce.0330059K@ac-bordeaux.fr,MONSIEUR DEBSKI FABRICE,MADAME CHAMPION LAURENCE,MADAME PIQUE DOROTHEE,06,0330602,RRS,0,,,,,,01/05/1965,,579,617,652,674,699,695,-0.3066367,44.63049
0332569N,Collège Porte Du Médoc,Porte Du Médoc,33312,PUBLIC,0556570925,0556356767,ce.0332569N@ac-bordeaux.fr,MONSIEUR GUISON PHILIPPE,MONSIEUR LAVIALLE YVES,MONSIEUR CLEMENS FABRICE,02,0330211,,0,,,,,,01/09/1982,,685,692,694,719,735,734,-0.5998433,44.947212
0332705L,Collège Francois Mauriac,Francois Mauriac,33397,PUBLIC,0556380706,0556069502,ce.0332705L@ac-bordeaux.fr,MADAME PHILIPPARIE CHANTAL,MADAME ARMENTIA CATHERINE,MADAME TAPIE VERONIQUE,03,0330314,,0,,,,,,01/09/1985,,404,438,449,456,462,448,-0.47281915,44.902683
0332743C,Collège Alienor d'Aquitaine,Alienor d'Aquitaine,33273,PUBLIC,0556780727,0556786447,ce.0332743C@ac-bordeaux.fr,MONSIEUR BOULAGNON J.FRANÇOIS,,MADAME LIEVAL CHRISTINE,07,0330701,,0,,,,,,01/09/1987,,367,391,406,397,407,417,-0.7812886,44.84622
0332768E,Collège Alienor d'Aquitaine,Alienor d'Aquitaine,33063,PUBLIC,0556914243,0556330717,ce.0332768E@ac-bordeaux.fr,MADAME GERVAIS LYSIANE,MADAME GUILLOTTEAU BENEDICTE,MADAME PERROUCHINE SOPHIE,01,0330103,,0,,,,,,01/09/1988,,617,621,629,654,707,731,-0.5612565,44.82368
0333093H,Collège Léonard De Vinci,Léonard De Vinci,33376,PUBLIC,0556574830,0556574835,ce.0333093H@ac-bordeaux.fr,MONSIEUR FERRER JOSEPH,MADAME MATINEZ-LE THI XUAN,MADAME BERTRAND FUHRER FLORENCE,02,0330214,,0,,,,,,01/09/2003,,665,692,692,657,662,632,-0.71548486,44.906296
0333129X,Collège Saint Joseph,Saint Joseph,33056,PRIVE,0556955430,0556359970,ce.0333129X@ac-bordeaux.fr,MONSIEUR PATRICK MIRAMONT,,,02,0330201,RAR,0,,,,,,01/09/2005,,72,75,75,71,91,93,,
0333134C,Collège de l'Estey,De L'Estey,33422,PUBLIC,0556210950,0556218473,ce.0333134C@ac-bordeaux.fr,MADAME LACOMBE ANNETTE,,MADAME BENHALILOU ILHEME,07,0330711,,0,,,,,,01/09/2006,,470,455,469,475,457,470,-0.8063271,44.80726
0333274E,Collège de Bruges,Bruges,33075,PUBLIC,0556800006,0556806657,ce.0333274E@ac-bordeaux.fr,MADAME BOZON MURIEL,,MONSIEUR MUNSCH DIDIER,02,0330216,,0,,,,,,01/09/2012,,,,,,,200,,
0331617D,Collège Claude Massé,Claude Massé,33003,PUBLIC,0556389360,0556388628,ce.0331617D@ac-bordeaux.fr,MONSIEUR SYNNAEVE GERARD,MADAME GADROY GERALDINE,MADAME MARGUERITAT MIREILLE,03,0330301,,0,,,,,,02/04/1968,,590,606,607,618,676,690,-0.48385108,44.92828
0331620G,Collège Camille Claudel,Camille Claudel,33234,PUBLIC,0557971599,0556201847,ce.0331620G@ac-bordeaux.fr,MADAME SETBON SONIA,MONSIEUR ESCUER GILLES,MONSIEUR SALIME SOILHI,03,0330310,,0,,,,,,02/04/1968,,885,919,910,922,896,915,-0.49180764,44.786556
0331622J,Collège Fontaines De Monjous,Fontaines De Monjous,33192,PUBLIC,0556891901,0556751157,ce.0331622J@ac-bordeaux.fr,MONSIEUR TOURNERIE JACKY,MONSIEUR LIENARD EMMANUEL,MONSIEUR GUERIN JEAN-PIERRE,05,0330503,,0,,,,,,02/04/1968,,680,695,682,684,704,751,-0.6067576,44.7768
0331662C,Collège Alain Fournier,Alain Fournier,33063,PUBLIC,0556961894,0556994647,ce.0331662C@ac-bordeaux.fr,MADAME CAUCHOIS MARTINE,MONSIEUR DELMON MARC,MADAME DECAP MARIE LAURE,01,0330106,,0,,,,,,03/03/1969,,601,613,617,755,740,724,-0.5807767,44.82792
0331664E,Collège Francois Mauriac,Francois Mauriac,33449,PUBLIC,0556050824,0556059613,ce.0331664E@ac-bordeaux.fr,MADAME ARFOUILLOUX-DUBOS M.CHRISTINE,MADAME SAVIGNAC CAROLINE,MADAME COURSIERE SYLVIE,02,0330213,,0,,,,,,03/03/1969,,550,532,553,559,564,573,-0.7104203,44.894497
0331669K,Collège Ausone,Ausone,33069,PUBLIC,0556507414,0556390238,ce.0331669K@ac-bordeaux.fr,MADAME HERROU PASCALE,MADAME FORT MARYSE,MADAME PAULETTO ANNICK,02,0330208,,1,,,,,,03/03/1969,,778,801,774,800,826,687,-0.5955483,44.871056
0331888Y,Collège du Val de Saye,Val De Saye,33492,PUBLIC,0557589118,0557589961,ce.0331888Y@ac-bordeaux.fr,MADAME MAURIN MARIE-ANNICK,MONSIEUR HELLER FRANÇOIS,MADAME LACOMBE EVELYNE,10,0331006,RRS,0,,,,,,04/02/1971,,664,684,716,717,711,700,-0.41085854,45.139248
0331895F,Collège Montaigne,Montaigne,33249,PUBLIC,0556061267,0557773650,ce.0331895F@ac-bordeaux.fr,MONSIEUR LASCAUX CHRISTIAN,MADAME LABASTE NADINE,MONSIEUR MARTINEZ FRANCK,03,0330312,RAR,0,,,,,,19/04/1971,,354,341,338,321,281,277,-0.5159848,44.8743
0332085M,Collège Jean Auriac,Jean Auriac,33015,PUBLIC,0557248099,0557248674,ce.0332085M@ac-bordeaux.fr,MADAME SAINT ANDRE DOROTHEE,MADAME DODIER M.FRANÇOISE,MADAME LOUALI NICOLE,04,0330401,,0,,,,,,23/02/1972,,466,504,506,536,572,594,-0.28538653,44.883568
0332187Y,Collège Hastignan,Hastignan,33449,PUBLIC,0556051397,0556700223,ce.0332187Y@ac-bordeaux.fr,MADAME GOMIS DANIELLE,MONSIEUR MAZOUAUD JEAN FRANÇOIS,MELLE BORDES LISETTE,02,0330212,,1,,,,,,02/04/1973,,807,804,839,896,876,894,-0.74547565,44.893158
0332191C,Collège Gérard Philipe,Gérard Philipe,33318,PUBLIC,0556151250,0556457941,ce.0332191C@ac-bordeaux.fr,MADAME CHARLEMARTY NICOLE,MADAME SAINT MACARY NADINE,MONSIEUR JOUX PHILIPPE,07,0330710,,1,,,,,,02/04/1973,,385,382,368,400,415,395,-0.6230517,44.79936
0332246M,Collège Chambéry,Chambéry,33550,PUBLIC,0556877485,0556877488,ce.0332246M@ac-bordeaux.fr,MONSIEUR BARRAUD PHILIPPE,MADAME CAMUS ANNIE,MONSIEUR SICARD BENOIT,05,0330509,,1,,,,,,02/05/1974,,590,575,587,560,562,566,-0.5839959,44.756153
0332283C,Collège Francois Mitterrand,Francois Mitterrand,33140,PUBLIC,0557970180,0556230134,ce.0332283C@ac-bordeaux.fr,MADAME DECOMBEROUSSE BEATRICE,Madame ABALEA Joëlle,MADAME OUDALOFF-BEVAM  M-F,03,0330307,,1,,,,,,08/04/1975,,852,845,863,912,937,937,-0.35196245,44.77319
0332327A,Collège St Clement,St Clement,33144,PRIVE,0556254287,0556254713,ce.0332327A@ac-bordeaux.fr,MONSIEUR RÉGIS DUCASSE,,,06,0330601,,0,,,,,,10/05/1975,,132,120,142,145,181,204,,
0332341R,Collège Jacques Prévert,Jacques Prévert,33067,PUBLIC,0557684610,0557940946,ce.0332341R@ac-bordeaux.fr,MONSIEUR VERDIER PHILIPPE,MADAME BENOIST CAROLINE,MADAME LEGENDRE FLORENCE,10,0331002,,0,,,,,,13/02/1976,,444,496,518,524,567,559,-0.55540407,45.041798
0332347X,Collège Sébastien Vauban,Sébastien Vauban,33058,PUBLIC,0557420400,0557423193,ce.0332347X@ac-bordeaux.fr,MONSIEUR THEBAULT ALAIN,MADAME BAYLE KETTY,Monsieur PERPERE Nicolas,10,0331001,,1,,,,,,08/04/1976,,827,800,783,703,680,666,-0.65847206,45.12461
0332487Z,Collège St Elme,St Elme,33009,PRIVE,0556549223,0556548805,ce.0332487Z@ac-bordeaux.fr,MONSIEUR GEORGES AMBROISE,,,09,0330902,,0,,,,,,01/09/1980,,395,411,431,471,468,484,,
0333287U,Collège de Lacanau,Lacanau,33214,PUBLIC,,,,,,,08,0330803,,0,,,,,,01/09/2013,,,,,,,,,
0330017P,Collège Jean Zay,Jean Zay,33051,PUBLIC,0557170170,0557170173,ce.0330017P@ac-bordeaux.fr,MONSIEUR LA GOUTE DANIEL,MADAME CAILLAUD ISABELLE,MADAME BAUDELIN VERONIQUE,09,0330905,,0,,,,,,01/05/1965,,460,463,470,502,508,530,-0.9763787,44.635902
0330058J,Collège Paul Emile Victor,Paul Emile Victor,33071,PUBLIC,0557554900,0557554909,ce.0330058J@ac-bordeaux.fr,MONSIEUR MELLE JOËL,,MONSIEUR GUILHEM GUERYJACQUES,04,0330402,,0,,,,,,01/05/1965,,366,398,409,414,439,484,-0.18493377,44.82452
0330062N,Collège Canterane,Canterane,33104,PUBLIC,0557888370,0557888371,ce.0330062N@ac-bordeaux.fr,MONSIEUR ROQUEJOFFRE PHILIPPE,MADAME FERNANDEZ-ARFEUILLE KAREN,MONSIEUR VINET THIERRY,08,0330802,,0,,,,,,01/05/1965,,561,587,621,653,705,714,-0.79152733,45.030693
0330064R,Collège Alienor d'Aquitaine,Alienor d'Aquitaine,33108,PUBLIC,0557400212,0557403210,ce.0330064R@ac-bordeaux.fr,MADAME PEYSSONNERIE JOSIANE,MADAME BRISSEAU EMMELINE,MADAME MARLOT MARIE CLAUDE,04,0330403,RRS,0,,,,,,01/05/1965,,336,355,369,414,382,380,-0.05070169,44.851517
0330065S,Collège Monséjour,Monséjour,33063,PUBLIC,0556121640,0556472107,ce.0330065S@ac-bordeaux.fr,MONSIEUR PERTOLDI MICHEL,MONSIEUR HANI MUSTAPHA,MONSIEUR TOUSSAINT PHILIPPE,02,0330206,,0,,,,,,01/05/1965,,512,503,511,501,528,513,-0.6313311,44.855797
0330066T,Collège Saint Andre,Saint Andre,33063,PUBLIC,0556080868,0557229230,ce.0330066T@ac-bordeaux.fr,MONSIEUR DUPUY ERIC,MADAME ZITOUNI NASSERA,MADAME MUSSEAU MONIQUE,02,0330207,,0,,,,,,01/05/1965,,540,551,564,576,623,670,-0.6165177,44.85541
0330081J,Collège Jules Chambrelent,Jules Chambrelent,33203,PUBLIC,0556091252,0556092530,ce.0330081J@ac-bordeaux.fr,MONSIEUR GREZES OLIVIER,,MADAME PATELIN MARYSE,08,0330803,,0,,,,,,01/05/1965,,366,360,400,404,431,470,-1.0565084,45.188488
